{"acc1": null, "acc2": [0.0, 0.0], "loss3": [0.5634253059327602], "acc3": [87.31333333333333]}
{"loss1": [0.34039986736015126, 0.28842243761217634, 0.2832975389540392, 0.27987061937650043, 0.2779440354838623, 0.2746195540864869, 0.2747607168929018, 0.2720185198848791, 0.27215969378110205, 0.2673114909738204, 0.26701375773244174, 0.2687527775371035, 0.2663489421552951, 0.2686304301023483, 0.2652935620286677, 0.26798327208155454, 0.2665805579239976, 0.264355545340985, 0.2668897079506723, 0.2666520726661084, 0.26823221206074893, 0.26602959340259974, 0.26504597512900635, 0.2653188263450322, 0.2660841382179323, 0.264540599886537, 0.26411803494585623, 0.2648349055411792, 0.26588698710152026, 0.26434416793557286, 0.2633400654340341, 0.26426562177564444, 0.26348342279298076, 0.2637714704025303, 0.26432996021934074, 0.2633705699060223, 0.26362038639807467, 0.26313944542073575, 0.264643794337515, 0.2630067166715565, 0.2633810008909836, 0.26131940790430547, 0.2620817503274077, 0.26354087562155804, 0.26361481847837814, 0.26140166639593176, 0.2618647565936098, 0.26190805346658913, 0.26489147556201853, 0.26360623068837047, 0.264588861083827, 0.2624651955397609, 0.26121036280499826, 0.2612809585806954, 0.2611437572947036, 0.2613139010646162, 0.2629592553174535, 0.26176768317572746, 0.2600917366668336, 0.26261231443374466, 0.26188362820116995, 0.2616594858197096, 0.26203011268928106, 0.26002276629799664, 0.2605798264393712, 0.2622072603737954, 0.26205336450055094, 0.2623616786728991, 0.26081099698055693, 0.25956969641812955, 0.2608509714601457, 0.2587899047844481, 0.2611967220705728, 0.2623252257852271, 0.2599282476178097, 0.26033651393533935, 0.26136962207581343, 0.26152932029156006, 0.26155419205084884, 0.2601957222071811, 0.26058538258075714, 0.25806613327941486, 0.26007346813828247, 0.25933389422228625, 0.26130427629149, 0.26027875646899634, 0.2612006823123485, 0.25809586028454723, 0.2593748474819432, 0.2618962308213656, 0.2608197841903951, 0.26070463234441904, 0.2588498354597454, 0.26063510261648165, 0.2586135255178996, 0.26082674642600634, 0.2596649118382545, 0.25916612622859847, 0.26079612222835175, 0.26088855127886973], "loss2": [3.1032350063323975, 2.721223831176758, 2.679936110973358, 1.6170947892325265, 1.3740554537091936, 1.1225920404706682, 0.8360432465871175, 0.7347469226173733, 0.6020731110321847, 0.5142959075815537, 0.41381378173828126, 0.40389580726623536, 0.4013455311457316, 0.46043916848989636, 0.3471100330352783, 0.3404255455190485, 0.4335703391295213, 0.43378470925723805, 0.3600890080134074, 0.3986860381232368, 0.5614076512200492, 0.5224742548806327, 0.41348040103912354, 0.2933541644703258, 0.3999950564824618, 0.32314476172129314, 0.3752792793161729, 0.3151177644729614, 0.30318541237802216, 0.3027866902174773, 0.3312215328216553, 0.3344989252090454, 0.3438840866088867, 0.34158854484558104, 0.3084692738272927, 0.30297639153220435, 0.33191190560658773, 0.2817334471077755, 0.32483170986175536, 0.40560572487967356, 0.38523740427834646, 0.3310039520263672, 0.3787429149334247, 0.28621280711630115, 0.2855570212654445, 0.29280748150565405, 0.3620271285374959, 0.3358713865280151, 0.3549484941694472, 0.294527876944769, 0.4247241128574718, 0.2714121549025826, 0.29704365843818303, 0.2910437367179177, 0.31621859073638914, 0.36504559657152963, 0.359865945928237, 0.34895166066976696, 0.32579726239909296, 0.32339746537415875, 0.39400970141092934, 0.5673147737979889, 0.3219647169113159, 0.2797278490933505, 0.26973324472253973, 0.3168108902479473, 0.26918788517222686, 0.2892204125722249, 0.3443470133675469, 0.3109096050262451, 0.32673315207163495, 0.33353917371659053, 0.3174113952196561, 0.2795973777770996, 0.2599631888525827, 0.4038784844534738, 0.4319746494293213, 0.4917851421568129, 0.32389075756073, 0.31621004984929013, 0.2945227531286386, 0.33552435239156086, 0.3171889342759785, 0.29466040929158527, 0.2946475403649466, 0.27062827662417765, 0.2763624906539917, 0.34353137016296387, 0.236580307667072, 0.25345262576793803, 0.23923869371414186, 0.21745218612529613, 0.3040541224181652, 0.18736622425226065, 0.20761441483217127, 0.19669307305895048, 0.24835707639393054, 0.23172635123843238, 0.242401123046875, 0.21580460896858802, 0.2018998106320699, 0.1624030509302693, 0.1676408803462982, 0.19819587111473083, 0.16236984729766846, 0.1639721441268921, 0.1667035592324806, 0.15145828436922143, 0.12894592606104338, 0.16650174479735524, 0.1688514320473922, 0.14358999273356268, 0.18057238597136277, 0.13704031705856323, 0.18270043351433493, 0.15926922692192924, 0.2643762230873108, 0.17438917160034179, 0.1689967650633592, 0.13678387859288385, 0.07613135929460879, 0.09114792227745055, 0.09878768704154274, 0.08877517518244292, 0.12586559255917867, 0.07381964564323425, 0.0898132562637329, 0.08683480557642485, 0.08457748248026921, 0.09147029452853733, 0.09782397150993347, 0.07427000337176853, 0.09366184702286354, 0.061421912450056806, 0.07809276382128398, 0.07582181692123413, 0.048699070458058956, 0.05178448557853699, 0.04910122454166412, 0.06216678337046975, 0.07578500969843431, 0.06711176037788391, 0.05974210160119193, 0.0773714929819107, 0.05958008127553122, 0.03193429925224998, 0.028438523411750793, 0.030994996428489685, 0.020208109366266352, 0.032216500904825, 0.03338061814958399, 0.03810226321220398, 0.01721590409676234, 0.023790529867013296, 0.020204274986798946, 0.011181187532518221, 0.014818380524714788, 0.009280010400449528, 0.009663166334995857, 0.02376998495310545, 0.015067205897399358, 0.01697439487491335, 0.016005965522848643, 0.014118345826864243, 0.016616986443599064, 0.009773776349094179, 0.010065803836498941, 0.013039388826915197, 0.007234831724096747, 0.014796839654445648, 0.010296358913183212, 0.005093548568370549, 0.006512197073210369, 0.005486745225346606, 0.005256569447616736, 0.0052696457132697105, 0.005137187106391558, 0.009725721266407233, 0.0033397919570024195, 0.004225504522522291, 0.008390757310039857, 0.033654087356158664, 0.0057366266036811085, 0.0048073289033613706, 0.009462392330169678, 0.0038894132639353094, 0.004759946071049746, 0.00608452120795846, 0.013415207028050314, 0.008006308546387836, 0.004077562808313153, 0.00459960843191335, 0.00574159950894468, 0.005426928773522377, 0.0062394322533356516, 0.006928104700313674, 0.012021438032388688, 0.007686186581850052, 0.0037870305754682597, 0.009027118794620037],