{"losses": [0.4917882745464643, 0.4503336523969968, 0.4170641407370567, 0.3938374035060406, 0.375250747303168, 0.3581219126780828, 0.3439591978987058, 0.32980484776198865, 0.31509342839320503, 0.30226237575213116, 0.2888992021481196, 0.27559801352520785, 0.26145481939117116, 0.24776142699023088, 0.23560664393007755, 0.22169898226857185, 0.20752944760024547, 0.19349129361410936, 0.1798421903202931, 0.1695200618977348, 0.15450129359960557, 0.14466428613911073, 0.13114292689909537, 0.12292198439439138, 0.11284671382357676, 0.10326010072603822, 0.09534521323318283, 0.085767304773132, 0.07922747147579988, 0.07628031071896355, 0.06958166320497791, 0.0623795282561332, 0.05693495776504278, 0.05425625617305438, 0.05191495856270194, 0.0502438188996166, 0.04550764532759786, 0.04331061583943665, 0.04120444438109795, 0.03786981161683798, 0.029303244221955536, 0.031714006296048564, 0.02998265881712238, 0.032001543378767865, 0.03374215377649913, 0.0285640274019291, 0.025478386615092555, 0.021324299547510844, 0.0262104184133932, 0.02761021664676567, 0.030185374640859665, 0.02524513374470795, 0.019442338213169326, 0.02071613062483569, 0.023651394329499455, 0.025751908496022224, 0.029251615144312383, 0.020468730460076284, 0.022893735653876018, 0.017446365661453456, 0.019094053498702124, 0.014013451945114259, 0.01770056791525955, 0.017900583871717876, 0.016390774757989373, 0.013344433558328699, 0.01683446278135913, 0.017388564532545083, 0.015223773539764807, 0.02358743366591322, 0.024684205228307596, 0.013384064543060958, 0.011079039523610845, 0.01206756962928921, 0.008475775328891662, 0.008678550048110386, 0.015369916820782236, 0.011314963150653057, 0.015573643049962508, 0.015714719546182702, 0.020928410817092905, 0.032309449564975994, 0.02269487298714618, 0.014407154518024375, 0.012379638301596666, 0.007890432758722454, 0.006344959882941718, 0.003654607676435262, 0.0022158803173321453, 0.0021290387119127746, 0.001512951548890366, 0.0019137683666485827, 0.0031589525409799536, 0.01703077549803614, 0.055216231061300886, 0.040774971099259955, 0.01867782763438299, 0.011663605171876649, 0.005759461930332084, 0.0026579211041583522], "acc": [0.8986, 0.8977833333333334, 0.8973833333333333, 0.8978166666666667, 0.8982833333333333, 0.8998333333333334, 0.90005, 0.9019833333333334, 0.9045666666666666, 0.9064, 0.9094333333333333, 0.91165, 0.9157333333333333, 0.9190833333333334, 0.92275, 0.9276166666666666, 0.9317833333333333, 0.9365166666666667, 0.94105, 0.9431666666666667, 0.94945, 0.9519333333333333, 0.95635, 0.9591333333333333, 0.9634166666666667, 0.9662833333333334, 0.96825, 0.9715666666666667, 0.9739166666666667, 0.9742833333333333, 0.9768, 0.9789, 0.9816, 0.9819666666666667, 0.98255, 0.98275, 0.9856, 0.9854, 0.9856166666666667, 0.9870833333333333, 0.9905166666666667, 0.9895666666666667, 0.98965, 0.9891666666666666, 0.98825, 0.9905666666666667, 0.9914833333333334, 0.9931666666666666, 0.9913166666666666, 0.9906833333333334, 0.9897, 0.9916333333333334, 0.9936666666666667, 0.9932166666666666, 0.9921166666666666, 0.9912166666666666, 0.9903166666666666, 0.9933666666666666, 0.9924333333333333, 0.9943833333333333, 0.9941666666666666, 0.9953, 0.9942833333333333, 0.9943333333333333, 0.9947833333333334, 0.9958, 0.9949333333333333, 0.9945333333333334, 0.9948666666666667, 0.99275, 0.992, 0.99565, 0.9965166666666667, 0.9961333333333333, 0.9974666666666666, 0.9972833333333333, 0.9954833333333334, 0.9966166666666667, 0.9953666666666666, 0.9950333333333333, 0.9931333333333333, 0.9901666666666666, 0.9927166666666667, 0.9955166666666667, 0.9961333333333333, 0.9976, 0.9983, 0.99905, 0.9995833333333334, 0.9994833333333333, 0.9997666666666667, 0.99945, 0.9993166666666666, 0.9957, 0.9840333333333333, 0.9865333333333334, 0.9942, 0.9965166666666667, 0.9985166666666667, 0.99945]}